{
  "0": 5.999887943267822,
  "1": 0.3634995222091675,
  "2": -0.7188631296157837,
  "3": 26.873794555664062,
  "4": 5.999887943267822,
  "5": 0.3634995222091675,
  "6": -0.7188631296157837,
  "7": 26.873794555664062,
  "8": 3.724576711654663,
  "9": -0.10176806151866913,
  "10": -0.7615447640419006,
  "11": 31.682788848876953,
  "12": 3.724576711654663,
  "13": -0.10176806151866913,
  "14": -0.7615447640419006,
  "15": 31.682788848876953,
  "16": 2.0489602088928223,
  "17": -0.44440698623657227,
  "18": -0.7929770350456238,
  "19": 36.491783142089844,
  "20": 2.0489602088928223,
  "21": -0.44440698623657227,
  "22": -0.7929770350456238,
  "23": 36.491783142089844,
  "24": 0.7635555267333984,
  "25": -0.7072535157203674,
  "26": -0.8170894384384155,
  "27": 41.300777435302734,
  "28": 0.7635555267333984,
  "29": -0.7072535157203674,
  "30": -0.8170894384384155,
  "31": 41.300777435302734,
  "32": -0.3569650948047638,
  "33": -0.45357170701026917,
  "34": -0.7938176989555359,
  "35": 36.64053726196289,
  "36": -0.3569650948047638,
  "37": -0.45357170701026917,
  "38": -0.7938176989555359,
  "39": 36.64053726196289,
  "40": -1.8040554523468018,
  "41": -0.12595584988594055,
  "42": -0.7637636065483093,
  "43": 31.980297088623047,
  "44": -1.8040554523468018,
  "45": -0.12595584988594055,
  "46": -0.7637636065483093,
  "47": 31.980297088623047,
  "48": -3.744832754135132,
  "49": 0.31342896819114685,
  "50": -0.7234563827514648,
  "51": 27.320058822631836,
  "52": -3.744832754135132,
  "53": 0.31342896819114685,
  "54": -0.7234563827514648,
  "55": 27.320058822631836,
  "56": -2.6242330074310303,
  "57": 0.9575648307800293,
  "58": -0.6643661260604858,
  "59": 22.511066436767578,
  "60": -2.6242330074310303,
  "61": 0.9575648307800293,
  "62": -0.6643661260604858,
  "63": 22.511066436767578,
  "64": -0.8947824835777283,
  "65": 1.9516762495040894,
  "66": -0.5731706619262695,
  "67": 17.702072143554688,
  "68": -0.8947824835777283,
  "69": 1.9516762495040894,
  "70": -0.5731706619262695,
  "71": 17.702072143554688,
  "72": 2.1248044967651367,
  "73": 3.687375783920288,
  "74": -0.4139450490474701,
  "75": 12.893078804016113,
  "76": 4.102363586425781,
  "77": 1.9911118745803833,
  "78": -0.5695529580116272,
  "79": 17.55331802368164,
  "80": 4.102363586425781,
  "81": 1.9911118745803833,
  "82": -0.5695529580116272,
  "83": 17.55331802368164,
  "84": 5.250169277191162,
  "85": 1.006575107574463,
  "86": -0.6598700881004333,
  "87": 22.21355628967285,
  "88": 5.250169277191162,
  "89": 1.006575107574463,
  "90": -0.6598700881004333,
  "91": 22.21355628967285,
  "92": 5.999887943267822,
  "93": 0.3634995222091675,
  "94": -0.7188631296157837,
  "95": 26.873794555664062,
  "96": 5.057898044586182,
  "97": 0.3586593270301819,
  "98": -0.7193071842193604,
  "99": 26.916296005249023,
  "100": 5.057898044586182,
  "101": 0.3586593270301819,
  "102": -0.7193071842193604,
  "103": 26.916296005249023,
  "104": 5.169767379760742,
  "105": -0.27824699878692627,
  "106": -0.7130975127220154,
  "107": 26.33384895324707,
  "108": 5.169767379760742,
  "109": -0.27824699878692627,
  "110": -0.7130975127220154,
  "111": 26.33384895324707,
  "112": 4.209831714630127,
  "113": -0.28215211629867554,
  "114": -0.7135598659515381,
  "115": 26.3763484954834,
  "116": 4.209831714630127,
  "117": -0.28215211629867554,
  "118": -0.7135598659515381,
  "119": 26.3763484954834,
  "120": 4.304893493652344,
  "121": -0.9468609094619751,
  "122": -0.7070904970169067,
  "123": 25.793901443481445,
  "124": 3.3263182640075684,
  "125": -0.9497478604316711,
  "126": -0.7075724005699158,
  "127": 25.836402893066406,
  "128": 3.3263182640075684,
  "129": -0.9497478604316711,
  "130": -0.7075724005699158,
  "131": 25.836402893066406,
  "132": 3.4030351638793945,
  "133": -1.6440656185150146,
  "134": -0.7008266448974609,
  "135": 25.253955841064453,
  "136": 2.405088424682617,
  "137": -1.6458429098129272,
  "138": -0.7013293504714966,
  "139": 25.296457290649414,
  "140": 2.2496917247772217,
  "141": 0.34422996640205383,
  "142": -0.7206308245658875,
  "143": 27.04380226135254,
  "144": 2.2496917247772217,
  "145": 0.34422996640205383,
  "146": -0.7206308245658875,
  "147": 27.04380226135254,
  "148": 5.057898044586182,
  "149": 0.3586593270301819,
  "150": -0.7193071842193604,
  "151": 26.916296005249023,
  "152": 5.057898044586182,
  "153": 0.3586593270301819,
  "154": -0.7193071842193604,
  "155": 26.916296005249023,
  "156": 5.999887943267822,
  "157": 0.3634995222091675,
  "158": -0.7188631296157837,
  "159": 26.873794555664062,
  "160": 5.999887943267822,
  "161": 0.3634995222091675,
  "162": -0.7188631296157837,
  "163": 26.873794555664062,
  "164": 2.1248044967651367,
  "165": 3.687375783920288,
  "166": -0.4139450490474701,
  "167": 12.893078804016113,
  "168": 2.1248044967651367,
  "169": 3.687375783920288,
  "170": -0.4139450490474701,
  "171": 12.893078804016113,
  "172": 1.7815455198287964,
  "173": 2.5792057514190674,
  "174": -0.5156037211418152,
  "175": 15.598573684692383,
  "176": 1.7815455198287964,
  "177": 2.5792057514190674,
  "178": -0.5156037211418152,
  "179": 15.598573684692383,
  "180": 1.8506485223770142,
  "181": 1.5483914613723755,
  "182": -0.4968125820159912,
  "183": 15.016125679016113,
  "184": 1.8506485223770142,
  "185": 1.5483914613723755,
  "186": -0.4968125820159912,
  "187": 15.016125679016113,
  "188": 1.590366244316101,
  "189": 0.8995312452316284,
  "190": -0.5736414790153503,
  "191": 17.721620559692383,
  "192": 1.590366244316101,
  "193": 0.8995312452316284,
  "194": -0.5736414790153503,
  "195": 17.721620559692383,
  "196": 1.6444122791290283,
  "197": -0.060676343739032745,
  "198": -0.5591503381729126,
  "199": 17.13917350769043,
  "200": 1.6444122791290283,
  "201": -0.060676343739032745,
  "202": -0.5591503381729126,
  "203": 17.13917350769043,
  "204": 1.4400930404663086,
  "205": -0.4207495152950287,
  "206": -0.6192611455917358,
  "207": 19.844669342041016,
  "208": 1.4400930404663086,
  "209": -0.4207495152950287,
  "210": -0.6192611455917358,
  "211": 19.844669342041016,
  "212": 1.4836384057998657,
  "213": -1.3150471448898315,
  "214": -0.6077466011047363,
  "215": 19.26222038269043,
  "216": 1.4836384057998657,
  "217": -1.3150471448898315,
  "218": -0.6077466011047363,
  "219": 19.26222038269043,
  "220": 1.360245704650879,
  "221": 1.2190899848937988,
  "222": -0.6403748989105225,
  "223": 21.009565353393555,
  "224": 1.360245704650879,
  "225": 1.2190899848937988,
  "226": -0.6403748989105225,
  "227": 21.009565353393555,
  "228": 1.7815455198287964,
  "229": 2.5792057514190674,
  "230": -0.5156037211418152,
  "231": 15.598573684692383,
  "232": 1.7815455198287964,
  "233": 2.5792057514190674,
  "234": -0.5156037211418152,
  "235": 15.598573684692383,
  "236": 1.8506485223770142,
  "237": 1.5483914613723755,
  "238": -0.4968125820159912,
  "239": 15.016125679016113,
  "240": 1.8506485223770142,
  "241": 1.5483914613723755,
  "242": -0.4968125820159912,
  "243": 15.016125679016113,
  "244": 3.679764986038208,
  "245": 0.5417582392692566,
  "246": -0.6160039901733398,
  "247": 19.67636489868164,
  "248": 3.679764986038208,
  "249": 0.5417582392692566,
  "250": -0.6160039901733398,
  "251": 19.67636489868164,
  "252": 4.808363437652588,
  "253": -0.07935253530740738,
  "254": -0.6895471811294556,
  "255": 24.33660316467285,
  "256": 5.169767379760742,
  "257": -0.27824699878692627,
  "258": -0.7130975127220154,
  "259": 26.33384895324707,
  "260": 5.169767379760742,
  "261": -0.27824699878692627,
  "262": -0.7130975127220154,
  "263": 26.33384895324707,
  "264": 4.209831714630127,
  "265": -0.28215211629867554,
  "266": -0.7135598659515381,
  "267": 26.3763484954834,
  "268": 4.209831714630127,
  "269": -0.28215211629867554,
  "270": -0.7135598659515381,
  "271": 26.3763484954834,
  "272": 3.058795690536499,
  "273": 0.23709866404533386,
  "274": -0.6520774364471436,
  "275": 21.716110229492188,
  "276": 3.058795690536499,